Year, Month,Monthly Anomaly, Monthly Unc.,  Annual Anomaly, Annual Unc,Five-Year Anomaly, Five-Year Unc., Ten-Year Anomaly, Ten-Year Unc.,  Twenty-Year Anomaly, Twenty-year Unc.
1960,1,-0.001,0.059,-0.099,0.053,0.048,0.044,-0.025,0.041,-0.023,0.035
1960,2,0.243,0.068,-0.098,0.052,0.045,0.044,-0.025,0.04,-0.02,0.035
1960,3,-0.566,0.061,-0.09,0.051,0.042,0.043,-0.023,0.04,-0.02,0.035
1960,4,-0.205,0.064,-0.078,0.051,0.04,0.043,-0.024,0.04,-0.019,0.035
1960,5,-0.204,0.064,-0.079,0.05,0.038,0.042,-0.023,0.039,-0.019,0.035
1960,6,-0.011,0.07,-0.055,0.05,0.033,0.042,-0.023,0.039,-0.019,0.034
1960,7,-0.094,0.065,-0.045,0.049,0.025,0.042,-0.023,0.039,-0.02,0.034
1960,8,0.034,0.066,-0.047,0.048,0.026,0.041,-0.026,0.039,-0.02,0.034
1960,9,0.033,0.067,0.008,0.047,0.019,0.041,-0.027,0.039,-0.019,0.034
1960,10,0.093,0.054,0.042,0.046,0.016,0.041,-0.028,0.039,-0.018,0.034
1960,11,-0.269,0.061,0.074,0.045,0.012,0.04,-0.027,0.038,-0.017,0.034
1960,12,0.281,0.058,0.089,0.044,0.014,0.04,-0.025,0.038,-0.017,0.034
1961,1,0.119,0.052,0.101,0.044,0.016,0.04,-0.025,0.038,-0.015,0.034
1961,2,0.229,0.056,0.105,0.044,0.024,0.039,-0.023,0.038,-0.014,0.033
1961,3,0.094,0.056,0.109,0.044,0.032,0.039,-0.02,0.038,-0.014,0.033
1961,4,0.194,0.053,0.098,0.044,0.036,0.039,-0.019,0.037,-0.015,0.033
1961,5,0.18,0.067,0.116,0.044,0.038,0.039,-0.017,0.037,-0.015,0.033
1961,6,0.176,0.065,0.078,0.043,0.036,0.039,-0.016,0.037,-0.015,0.033
1961,7,0.046,0.058,0.076,0.043,0.033,0.039,-0.013,0.037,-0.016,0.033
1961,8,0.08,0.063,0.074,0.043,0.029,0.038,-0.011,0.037,-0.016,0.032
1961,9,0.09,0.057,0.079,0.043,0.018,0.038,-0.009,0.036,-0.017,0.032
1961,10,-0.04,0.064,0.066,0.043,0.007,0.037,-0.008,0.036,-0.018,0.032
1961,11,-0.056,0.061,0.035,0.043,0.001,0.037,-0.007,0.036,-0.019,0.032
1961,12,-0.171,0.059,0.016,0.042,-0.001,0.037,-0.008,0.036,-0.02,0.032
1962,1,0.092,0.054,0.003,0.041,-0.003,0.037,-0.007,0.036,-0.023,0.032
1962,2,0.206,0.058,-0.008,0.039,-0.006,0.036,-0.009,0.036,-0.025,0.031
1962,3,0.152,0.055,-0.02,0.039,-0.011,0.036,-0.007,0.035,-0.025,0.031
1962,4,0.042,0.051,-0.015,0.039,-0.016,0.036,-0.008,0.035,-0.025,0.031
1962,5,-0.195,0.065,-0.013,0.038,-0.016,0.036,-0.007,0.035,-0.025,0.031
1962,6,-0.048,0.062,0.003,0.038,-0.021,0.035,-0.009,0.035,-0.024,0.031
1962,7,-0.116,0.054,-0.003,0.038,-0.021,0.035,-0.009,0.035,-0.025,0.031
1962,8,-0.055,0.053,0.008,0.038,-0.029,0.035,-0.011,0.035,-0.025,0.03
1962,9,-0.055,0.053,-0.023,0.038,-0.023,0.035,-0.012,0.034,-0.026,0.03
1962,10,0.026,0.047,-0.037,0.037,-0.024,0.035,-0.012,0.034,-0.026,0.03
1962,11,-0.032,0.053,-0.035,0.037,-0.023,0.034,-0.014,0.034,-0.026,0.03
1962,12,0.02,0.057,-0.028,0.037,-0.025,0.034,-0.016,0.034,-0.025,0.03
1963,1,0.022,0.057,-0.005,0.037,-0.025,0.034,-0.023,0.034,-0.025,0.029
1963,2,0.338,0.056,0.031,0.038,-0.026,0.034,-0.026,0.033,-0.025,0.029
1963,3,-0.217,0.06,0.06,0.04,-0.031,0.034,-0.025,0.033,-0.025,0.029
1963,4,-0.127,0.051,0.082,0.042,-0.031,0.034,-0.026,0.033,-0.025,0.029
1963,5,-0.176,0.056,0.096,0.042,-0.03,0.034,-0.028,0.033,-0.025,0.029
1963,6,0.031,0.057,0.095,0.043,-0.034,0.034,-0.028,0.032,-0.024,0.028
1963,7,0.168,0.068,0.089,0.044,-0.039,0.034,-0.03,0.032,-0.024,0.028
1963,8,0.375,0.067,0.047,0.044,-0.043,0.034,-0.03,0.032,-0.024,0.028
1963,9,0.293,0.09,0.032,0.044,-0.045,0.034,-0.031,0.032,-0.024,0.028
1963,10,0.294,0.059,0.009,0.044,-0.05,0.034,-0.03,0.032,-0.024,0.028
1963,11,0.134,0.06,-0.001,0.044,-0.055,0.034,-0.032,0.031,-0.024,0.027
1963,12,0.006,0.057,-0.003,0.044,-0.057,0.033,-0.034,0.031,-0.024,0.027
1964,1,-0.053,0.053,-0.016,0.044,-0.054,0.033,-0.038,0.031,-0.024,0.027
1964,2,-0.168,0.051,-0.06,0.043,-0.056,0.033,-0.041,0.031,-0.026,0.027
1964,3,-0.396,0.056,-0.116,0.043,-0.057,0.034,-0.044,0.03,-0.026,0.026
1964,4,-0.397,0.067,-0.17,0.042,-0.059,0.033,-0.045,0.03,-0.026,0.026
1964,5,-0.299,0.061,-0.202,0.041,-0.06,0.034,-0.045,0.03,-0.025,0.026
1964,6,0.006,0.061,-0.228,0.041,-0.06,0.034,-0.045,0.03,-0.025,0.026
1964,7,0.015,0.081,-0.223,0.041,-0.063,0.034,-0.047,0.029,-0.025,0.026
1964,8,-0.161,0.064,-0.228,0.042,-0.071,0.034,-0.047,0.029,-0.024,0.025
1964,9,-0.374,0.057,-0.211,0.042,-0.073,0.034,-0.046,0.029,-0.024,0.025
1964,10,-0.354,0.052,-0.2,0.042,-0.075,0.034,-0.045,0.029,-0.025,0.025
1964,11,-0.255,0.051,-0.186,0.042,-0.068,0.034,-0.042,0.029,-0.026,0.025
1964,12,-0.296,0.054,-0.198,0.043,-0.069,0.033,-0.04,0.028,-0.026,0.025
1965,1,0.002,0.053,-0.209,0.042,-0.067,0.034,-0.039,0.028,-0.027,0.024
1965,2,-0.221,0.063,-0.199,0.041,-0.067,0.033,-0.039,0.028,-0.026,0.024
1965,3,-0.195,0.055,-0.187,0.04,-0.065,0.033,-0.035,0.028,-0.023,0.024
1965,4,-0.272,0.06,-0.152,0.04,-0.063,0.033,-0.032,0.027,-0.022,0.024
1965,5,-0.124,0.052,-0.146,0.041,-0.065,0.033,-0.031,0.027,-0.02,0.023
1965,6,-0.136,0.077,-0.12,0.041,-0.065,0.033,-0.031,0.027,-0.019,0.023
1965,7,-0.116,0.062,-0.134,0.041,-0.07,0.033,-0.03,0.027,-0.018,0.023
1965,8,-0.044,0.059,-0.117,0.041,-0.078,0.033,-0.032,0.027,-0.02,0.023
1965,9,-0.229,0.074,-0.101,0.04,-0.07,0.033,-0.031,0.026,-0.019,0.023
1965,10,0.066,0.055,-0.089,0.04,-0.068,0.033,-0.031,0.026,-0.02,0.023
1965,11,-0.191,0.054,-0.088,0.04,-0.068,0.033,-0.03,0.026,-0.02,0.022
1965,12,0.022,0.054,-0.071,0.04,-0.07,0.032,-0.034,0.026,-0.019,0.022
1966,1,-0.164,0.049,-0.043,0.04,-0.076,0.032,-0.034,0.026,-0.019,0.022
1966,2,-0.025,0.058,-0.045,0.04,-0.085,0.032,-0.039,0.025,-0.018,0.022
1966,3,0.004,0.056,-0.021,0.041,-0.093,0.031,-0.041,0.025,-0.019,0.021
1966,4,-0.126,0.053,-0.041,0.04,-0.096,0.031,-0.044,0.025,-0.018,0.021
1966,5,-0.116,0.054,-0.037,0.04,-0.101,0.031,-0.045,0.025,-0.018,0.021
1966,6,0.067,0.057,-0.052,0.04,-0.105,0.03,-0.048,0.024,-0.018,0.021
1966,7,0.219,0.072,-0.042,0.039,-0.108,0.03,-0.049,0.024,-0.018,0.021
1966,8,-0.062,0.054,-0.064,0.039,-0.111,0.03,-0.05,0.024,-0.018,0.02
1966,9,0.05,0.087,-0.064,0.039,-0.106,0.03,-0.051,0.024,-0.017,0.02
1966,10,-0.173,0.067,-0.057,0.039,-0.098,0.029,-0.05,0.024,-0.017,0.02
1966,11,-0.134,0.057,-0.032,0.039,-0.09,0.029,-0.05,0.024,-0.017,0.02
1966,12,-0.165,0.055,-0.044,0.039,-0.089,0.029,-0.049,0.023,-0.016,0.02
1967,1,-0.048,0.053,-0.061,0.038,-0.091,0.028,-0.053,0.023,-0.015,0.019
1967,2,-0.281,0.05,-0.06,0.037,-0.088,0.028,-0.058,0.023,-0.013,0.019
1967,3,-0.002,0.055,-0.063,0.036,-0.081,0.028,-0.06,0.023,-0.012,0.019
1967,4,-0.045,0.059,-0.035,0.035,-0.074,0.028,-0.06,0.023,-0.01,0.019
1967,5,0.192,0.056,-0.037,0.035,-0.069,0.027,-0.058,0.023,-0.009,0.019
1967,6,-0.078,0.056,-0.021,0.034,-0.059,0.027,-0.057,0.022,-0.009,0.018
1967,7,0.019,0.059,-0.04,0.033,-0.057,0.027,-0.056,0.022,-0.007,0.018
1967,8,-0.056,0.052,-0.027,0.033,-0.049,0.026,-0.053,0.022,-0.006,0.018
1967,9,0.012,0.058,-0.004,0.032,-0.047,0.026,-0.053,0.022,-0.007,0.018
1967,10,0.163,0.054,-0.002,0.032,-0.04,0.026,-0.053,0.022,-0.007,0.018
1967,11,-0.154,0.055,-0.033,0.031,-0.039,0.026,-0.054,0.022,-0.007,0.018
1967,12,0.025,0.047,-0.033,0.031,-0.037,0.025,-0.053,0.021,-0.008,0.017
1968,1,-0.27,0.048,-0.051,0.031,-0.035,0.025,-0.05,0.021,-0.01,0.017
1968,2,-0.13,0.042,-0.059,0.031,-0.037,0.025,-0.051,0.021,-0.01,0.017
1968,3,0.28,0.061,-0.078,0.031,-0.031,0.025,-0.047,0.021,-0.01,0.017
1968,4,-0.023,0.069,-0.083,0.031,-0.032,0.024,-0.043,0.021,-0.009,0.017
1968,5,-0.179,0.055,-0.083,0.031,-0.03,0.024,-0.039,0.02,-0.009,0.016
1968,6,-0.076,0.056,-0.103,0.031,-0.034,0.024,-0.036,0.02,-0.009,0.016
1968,7,-0.204,0.054,-0.103,0.031,-0.03,0.024,-0.036,0.02,-0.009,0.016
1968,8,-0.156,0.051,-0.12,0.032,-0.034,0.023,-0.038,0.02,-0.009,0.016
1968,9,-0.209,0.057,-0.152,0.032,-0.038,0.023,-0.04,0.02,-0.009,0.016
1968,10,0.104,0.053,-0.14,0.032,-0.038,0.023,-0.041,0.019,-0.009,0.015
1968,11,-0.155,0.053,-0.114,0.031,-0.036,0.023,-0.042,0.019,-0.008,0.015
1968,12,-0.214,0.052,-0.1,0.031,-0.039,0.022,-0.042,0.019,-0.008,0.015
1969,1,-0.28,0.043,-0.09,0.03,-0.045,0.022,-0.043,0.019,-0.008,0.015
1969,2,-0.332,0.056,-0.077,0.03,-0.044,0.022,-0.046,0.018,-0.009,0.015
1969,3,-0.099,0.057,-0.056,0.029,-0.044,0.022,-0.044,0.018,-0.01,0.014
1969,4,0.116,0.059,-0.057,0.029,-0.041,0.022,-0.042,0.018,-0.011,0.014
1969,5,0.14,0.047,-0.04,0.029,-0.04,0.021,-0.04,0.018,-0.011,0.014
1969,6,0.082,0.053,0.001,0.028,-0.038,0.021,-0.04,0.018,-0.011,0.014
1969,7,-0.076,0.061,0.037,0.028,-0.044,0.021,-0.04,0.018,-0.012,0.014
1969,8,0.001,0.044,0.083,0.027,-0.045,0.021,-0.037,0.018,-0.011,0.014
1969,9,0.044,0.065,0.087,0.027,-0.046,0.021,-0.035,0.017,-0.01,0.014
1969,10,0.086,0.043,0.088,0.028,-0.045,0.021,-0.033,0.017,-0.008,0.013
1969,11,0.048,0.046,0.071,0.029,-0.048,0.021,-0.032,0.017,-0.007,0.013
1969,12,0.284,0.044,0.062,0.028,-0.044,0.02,-0.03,0.017,-0.004,0.013
1970,1,0.144,0.039,0.068,0.027,-0.045,0.02,-0.029,0.017,-0.002,0.013
1970,2,0.22,0.061,0.054,0.027,-0.04,0.02,-0.026,0.017,-0.001,0.013
1970,3,-0.041,0.05,0.062,0.027,-0.04,0.02,-0.023,0.016,0.002,0.013
1970,4,0.127,0.046,0.058,0.028,-0.042,0.02,-0.019,0.016,0.005,0.012
1970,5,-0.068,0.074,0.045,0.028,-0.042,0.019,-0.016,0.016,0.007,0.012
1970,6,-0.02,0.044,0.007,0.027,-0.04,0.019,-0.014,0.016,0.008,0.012
1970,7,-0.006,0.047,0,0.027,-0.031,0.019,-0.013,0.016,0.01,0.012
1970,8,-0.174,0.059,-0.041,0.026,-0.023,0.019,-0.014,0.016,0.012,0.012
1970,9,0.142,0.067,-0.059,0.026,-0.024,0.019,-0.011,0.016,0.013,0.012
1970,10,0.036,0.038,-0.078,0.026,-0.018,0.019,-0.013,0.015,0.013,0.012
1970,11,-0.109,0.042,-0.07,0.025,-0.009,0.019,-0.013,0.015,0.016,0.012
1970,12,-0.168,0.052,-0.08,0.026,-0.002,0.019,-0.014,0.015,0.016,0.011
1971,1,0.067,0.046,-0.09,0.026,0.004,0.019,-0.012,0.015,0.018,0.011
1971,2,-0.278,0.037,-0.077,0.026,0.008,0.019,-0.014,0.015,0.02,0.011
1971,3,-0.256,0.046,-0.086,0.025,0.014,0.018,-0.017,0.015,0.022,0.011
1971,4,-0.104,0.04,-0.09,0.025,0.014,0.018,-0.017,0.015,0.022,0.011
1971,5,0.026,0.051,-0.085,0.025,0.017,0.018,-0.019,0.015,0.022,0.011
1971,6,-0.131,0.057,-0.075,0.025,0.021,0.018,-0.021,0.015,0.023,0.011
1971,7,-0.125,0.067,-0.115,0.025,0.022,0.018,-0.023,0.015,0.025,0.011
1971,8,-0.017,0.057,-0.122,0.026,0.02,0.018,-0.024,0.015,0.027,0.011
1971,9,0.027,0.048,-0.102,0.026,0.018,0.018,-0.025,0.015,0.027,0.011
1971,10,-0.01,0.04,-0.091,0.027,0.014,0.018,-0.026,0.015,0.028,0.01
1971,11,-0.048,0.046,-0.095,0.026,0.011,0.018,-0.027,0.015,0.029,0.01
1971,12,-0.055,0.046,-0.071,0.025,0.01,0.018,-0.024,0.015,0.032,0.01
1972,1,-0.41,0.053,-0.062,0.025,0.011,0.018,-0.023,0.015,0.032,0.01
1972,2,-0.355,0.046,-0.039,0.025,0.014,0.018,-0.018,0.014,0.032,0.01
1972,3,-0.027,0.05,-0.042,0.025,0.011,0.018,-0.016,0.014,0.03,0.01
1972,4,0.03,0.04,-0.037,0.025,0.008,0.018,-0.013,0.014,0.03,0.01
1972,5,-0.018,0.065,-0.048,0.025,0.005,0.018,-0.011,0.014,0.032,0.01
1972,6,0.157,0.051,-0.029,0.025,-0.002,0.018,-0.008,0.014,0.032,0.01
1972,7,-0.016,0.049,0.029,0.025,-0.002,0.019,-0.005,0.014,0.034,0.01
1972,8,0.254,0.05,0.084,0.025,-0.003,0.018,-0.002,0.014,0.034,0.01
1972,9,-0.003,0.045,0.105,0.025,0.001,0.019,-0.002,0.014,0.035,0.01
1972,10,0.043,0.044,0.133,0.026,0.001,0.019,-0.003,0.015,0.036,0.01
1972,11,-0.181,0.035,0.161,0.025,0.007,0.018,0,0.015,0.036,0.01
1972,12,0.174,0.047,0.178,0.024,0.009,0.018,0,0.015,0.038,0.01
1973,1,0.286,0.039,0.193,0.024,0.01,0.018,0.003,0.015,0.04,0.01
1973,2,0.313,0.051,0.181,0.025,0.01,0.018,0.006,0.015,0.041,0.01
1973,3,0.225,0.05,0.19,0.026,0.009,0.018,0.005,0.015,0.043,0.01
1973,4,0.361,0.046,0.197,0.025,0.007,0.018,0.007,0.015,0.045,0.009
1973,5,0.322,0.047,0.213,0.025,0.004,0.018,0.009,0.015,0.047,0.009
1973,6,0.357,0.044,0.204,0.025,0.005,0.018,0.01,0.015,0.048,0.009
1973,7,0.171,0.058,0.158,0.026,0.005,0.018,0.012,0.015,0.048,0.009
1973,8,0.106,0.058,0.094,0.025,0.007,0.018,0.011,0.015,0.048,0.009
1973,9,0.101,0.051,0.057,0.025,0.004,0.018,0.014,0.015,0.049,0.009
1973,10,0.127,0.047,0.018,0.025,0.004,0.019,0.013,0.015,0.049,0.009
1973,11,0.012,0.046,-0.013,0.025,-0.002,0.019,0.016,0.015,0.05,0.009
1973,12,0.069,0.039,-0.039,0.026,-0.003,0.019,0.018,0.015,0.051,0.009
1974,1,-0.263,0.043,-0.054,0.026,-0.002,0.019,0.021,0.015,0.052,0.009
1974,2,-0.464,0.04,-0.047,0.027,-0.004,0.019,0.023,0.015,0.053,0.009
1974,3,-0.212,0.058,-0.067,0.027,-0.005,0.019,0.024,0.015,0.056,0.009
1974,4,-0.107,0.055,-0.086,0.027,-0.011,0.019,0.024,0.015,0.058,0.009
1974,5,-0.056,0.054,-0.101,0.028,-0.013,0.019,0.023,0.015,0.061,0.009
1974,6,0.042,0.049,-0.117,0.028,-0.01,0.019,0.023,0.015,0.061,0.009
1974,7,-0.003,0.044,-0.08,0.028,-0.001,0.019,0.024,0.015,0.061,0.009
1974,8,0.189,0.077,-0.032,0.029,0.009,0.019,0.025,0.015,0.063,0.009
1974,9,-0.141,0.053,0.002,0.028,0.013,0.019,0.027,0.016,0.065,0.009
1974,10,-0.1,0.042,0.024,0.028,0.018,0.019,0.028,0.016,0.067,0.009
1974,11,-0.17,0.036,0.051,0.028,0.025,0.019,0.029,0.016,0.068,0.01
1974,12,-0.116,0.049,0.058,0.027,0.029,0.019,0.032,0.016,0.068,0.01
1975,1,0.173,0.041,0.062,0.028,0.035,0.019,0.034,0.016,0.07,0.01
1975,2,0.119,0.046,0.032,0.027,0.036,0.02,0.036,0.016,0.07,0.01
1975,3,0.198,0.047,0.049,0.027,0.036,0.02,0.039,0.016,0.071,0.01
1975,4,0.147,0.045,0.05,0.027,0.036,0.02,0.042,0.016,0.073,0.01
1975,5,0.276,0.049,0.043,0.027,0.042,0.02,0.045,0.016,0.074,0.01
1975,6,0.118,0.049,0.045,0.028,0.04,0.02,0.047,0.016,0.076,0.01
1975,7,0.044,0.046,0.034,0.028,0.037,0.02,0.051,0.016,0.076,0.01
1975,8,-0.16,0.059,0.008,0.028,0.035,0.02,0.055,0.016,0.077,0.01
1975,9,0.056,0.051,-0.043,0.028,0.034,0.02,0.057,0.016,0.079,0.01
1975,10,-0.083,0.047,-0.062,0.028,0.031,0.02,0.058,0.016,0.079,0.01
1975,11,-0.254,0.039,-0.116,0.028,0.028,0.02,0.062,0.016,0.079,0.01
1975,12,-0.101,0.039,-0.138,0.027,0.022,0.02,0.065,0.016,0.08,0.01
1976,1,0.043,0.046,-0.147,0.027,0.021,0.02,0.071,0.016,0.082,0.01
1976,2,-0.183,0.044,-0.147,0.027,0.014,0.02,0.078,0.016,0.084,0.01
1976,3,-0.416,0.052,-0.154,0.027,0.014,0.02,0.085,0.016,0.086,0.01
1976,4,-0.087,0.039,-0.179,0.028,0.012,0.021,0.088,0.016,0.087,0.01
1976,5,-0.364,0.053,-0.174,0.028,0.014,0.021,0.09,0.017,0.089,0.01
1976,6,-0.153,0.059,-0.155,0.028,0.015,0.021,0.094,0.017,0.089,0.01
1976,7,-0.06,0.055,-0.145,0.029,0.021,0.021,0.099,0.017,0.089,0.011
1976,8,-0.158,0.059,-0.112,0.029,0.026,0.021,0.104,0.017,0.09,0.011
1976,9,-0.029,0.055,-0.055,0.028,0.031,0.021,0.105,0.017,0.09,0.011
1976,10,-0.39,0.039,-0.02,0.028,0.035,0.021,0.107,0.017,0.091,0.011
1976,11,-0.185,0.046,0.044,0.028,0.036,0.021,0.109,0.017,0.092,0.011
1976,12,0.124,0.043,0.088,0.029,0.036,0.021,0.114,0.017,0.093,0.011
1977,1,0.16,0.051,0.121,0.029,0.036,0.021,0.118,0.017,0.095,0.011
1977,2,0.217,0.055,0.16,0.029,0.036,0.021,0.122,0.017,0.099,0.011
1977,3,0.26,0.047,0.162,0.029,0.042,0.021,0.12,0.017,0.099,0.011
1977,4,0.336,0.043,0.199,0.03,0.048,0.021,0.12,0.017,0.1,0.011
1977,5,0.399,0.052,0.231,0.031,0.054,0.021,0.121,0.017,0.1,0.011
1977,6,0.375,0.058,0.225,0.031,0.067,0.021,0.121,0.017,0.102,0.011
1977,7,0.337,0.054,0.219,0.03,0.07,0.021,0.123,0.017,0.105,0.011
1977,8,0.314,0.053,0.216,0.03,0.076,0.021,0.122,0.017,0.106,0.011
1977,9,-0.004,0.056,0.21,0.029,0.077,0.021,0.123,0.017,0.108,0.011
1977,10,0.057,0.044,0.198,0.03,0.082,0.021,0.124,0.017,0.108,0.012
1977,11,0.192,0.041,0.174,0.03,0.084,0.021,0.125,0.017,0.109,0.012
1977,12,0.056,0.06,0.14,0.028,0.086,0.021,0.128,0.017,0.112,0.012
1978,1,0.082,0.04,0.123,0.028,0.092,0.021,0.131,0.017,0.115,0.012
1978,2,0.182,0.048,0.073,0.029,0.101,0.021,0.132,0.017,0.117,0.012
1978,3,0.188,0.047,0.078,0.028,0.104,0.021,0.133,0.017,0.118,0.012
1978,4,0.195,0.042,0.077,0.028,0.109,0.021,0.132,0.017,0.12,0.012
1978,5,0.117,0.045,0.072,0.028,0.119,0.021,0.133,0.017,0.123,0.012
1978,6,-0.032,0.043,0.077,0.028,0.125,0.021,0.132,0.017,0.125,0.012
1978,7,0.126,0.057,0.078,0.028,0.137,0.021,0.132,0.017,0.128,0.012
1978,8,-0.281,0.047,0.048,0.027,0.149,0.021,0.135,0.017,0.131,0.012
1978,9,0.052,0.051,0.043,0.027,0.165,0.021,0.138,0.017,0.134,0.012
1978,10,0.043,0.048,0.034,0.026,0.172,0.021,0.139,0.017,0.135,0.012
1978,11,0.14,0.05,0.026,0.026,0.182,0.021,0.142,0.017,0.136,0.012
1978,12,0.108,0.04,0.033,0.027,0.191,0.021,0.143,0.017,0.139,0.012
1979,1,0.096,0.038,0.022,0.026,0.199,0.021,0.147,0.018,0.14,0.012
1979,2,-0.176,0.042,0.06,0.025,0.211,0.02,0.151,0.017,0.143,0.012
1979,3,0.122,0.045,0.074,0.025,0.216,0.02,0.155,0.017,0.144,0.013
1979,4,0.098,0.045,0.093,0.024,0.225,0.02,0.157,0.017,0.145,0.013
1979,5,0.021,0.04,0.097,0.024,0.231,0.02,0.162,0.018,0.145,0.013
1979,6,0.051,0.05,0.143,0.024,0.239,0.02,0.162,0.018,0.145,0.013
1979,7,-0.015,0.038,0.167,0.025,0.237,0.02,0.163,0.018,0.147,0.013
1979,8,0.179,0.044,0.219,0.025,0.235,0.02,0.163,0.018,0.148,0.013
1979,9,0.226,0.048,0.229,0.024,0.227,0.02,0.165,0.018,0.15,0.013
1979,10,0.266,0.049,0.261,0.024,0.222,0.02,0.167,0.018,0.151,0.013
1979,11,0.19,0.034,0.293,0.024,0.218,0.02,0.167,0.018,0.151,0.013
1979,12,0.663,0.043,0.306,0.025,0.212,0.02,0.167,0.018,0.152,0.013
1980,1,0.375,0.053,0.342,0.025,0.211,0.02,0.168,0.018,0.154,0.013
1980,2,0.455,0.048,0.357,0.027,0.207,0.02,0.166,0.018,0.154,0.013
1980,3,0.245,0.052,0.361,0.028,0.21,0.02,0.165,0.018,0.158,0.013
1980,4,0.48,0.044,0.355,0.029,0.211,0.02,0.165,0.018,0.161,0.013
1980,5,0.397,0.047,0.368,0.029,0.208,0.02,0.165,0.018,0.163,0.013
1980,6,0.213,0.053,0.335,0.029,0.216,0.02,0.166,0.017,0.165,0.014
1980,7,0.411,0.038,0.367,0.029,0.224,0.02,0.165,0.017,0.167,0.014
1980,8,0.369,0.071,0.374,0.029,0.229,0.02,0.168,0.017,0.169,0.014
1980,9,0.269,0.044,0.399,0.028,0.232,0.02,0.168,0.017,0.17,0.014
1980,10,0.193,0.037,0.389,0.028,0.234,0.02,0.17,0.017,0.172,0.014
1980,11,0.349,0.038,0.375,0.027,0.238,0.019,0.172,0.018,0.174,0.014
1980,12,0.264,0.046,0.388,0.026,0.243,0.019,0.174,0.017,0.177,0.014
1981,1,0.755,0.048,0.388,0.026,0.244,0.019,0.176,0.018,0.179,0.014
1981,2,0.543,0.042,0.405,0.026,0.256,0.019,0.182,0.017,0.182,0.014
1981,3,0.549,0.036,0.403,0.025,0.263,0.019,0.188,0.017,0.184,0.014
1981,4,0.35,0.043,0.401,0.025,0.266,0.019,0.192,0.017,0.188,0.014
1981,5,0.233,0.04,0.387,0.025,0.27,0.019,0.197,0.017,0.189,0.014
1981,6,0.366,0.039,0.414,0.024,0.271,0.019,0.2,0.017,0.192,0.014
1981,7,0.414,0.039,0.357,0.024,0.274,0.019,0.201,0.017,0.196,0.014
1981,8,0.572,0.053,0.319,0.024,0.277,0.019,0.204,0.017,0.198,0.014
1981,9,0.245,0.048,0.253,0.025,0.28,0.019,0.205,0.017,0.2,0.014
1981,10,0.174,0.04,0.228,0.025,0.28,0.019,0.209,0.017,0.202,0.014
1981,11,0.18,0.042,0.219,0.026,0.288,0.019,0.21,0.017,0.203,0.014
1981,12,0.588,0.038,0.195,0.026,0.287,0.019,0.211,0.017,0.205,0.015
1982,1,0.067,0.042,0.181,0.026,0.289,0.019,0.213,0.017,0.209,0.015
1982,2,0.094,0.044,0.14,0.026,0.289,0.019,0.216,0.017,0.213,0.015
1982,3,-0.25,0.041,0.132,0.026,0.289,0.019,0.214,0.017,0.215,0.015
1982,4,0.056,0.046,0.13,0.026,0.286,0.019,0.213,0.017,0.216,0.015
1982,5,0.128,0.049,0.116,0.027,0.281,0.019,0.212,0.017,0.217,0.015
1982,6,0.073,0.046,0.11,0.027,0.267,0.019,0.212,0.017,0.218,0.015
1982,7,0.247,0.047,0.153,0.027,0.266,0.019,0.214,0.017,0.218,0.015
1982,8,0.079,0.063,0.187,0.028,0.255,0.019,0.214,0.017,0.218,0.015
1982,9,0.151,0.048,0.235,0.027,0.253,0.019,0.217,0.017,0.217,0.015
1982,10,0.142,0.041,0.255,0.027,0.249,0.019,0.219,0.017,0.218,0.015
1982,11,0.022,0.054,0.278,0.026,0.246,0.019,0.218,0.017,0.218,0.015
1982,12,0.507,0.058,0.291,0.026,0.246,0.018,0.223,0.017,0.218,0.015
1983,1,0.583,0.041,0.288,0.026,0.238,0.018,0.227,0.017,0.219,0.015
1983,2,0.503,0.043,0.316,0.027,0.235,0.018,0.229,0.017,0.22,0.015
1983,3,0.329,0.049,0.345,0.027,0.232,0.018,0.231,0.017,0.221,0.015
1983,4,0.3,0.043,0.35,0.026,0.232,0.018,0.234,0.017,0.22,0.015
1983,5,0.397,0.039,0.381,0.026,0.225,0.018,0.236,0.017,0.22,0.015
1983,6,0.237,0.042,0.352,0.026,0.223,0.018,0.241,0.017,0.22,0.015
1983,7,0.211,0.047,0.327,0.026,0.216,0.019,0.243,0.017,0.221,0.015
1983,8,0.406,0.048,0.286,0.026,0.216,0.018,0.25,0.017,0.221,0.015
1983,9,0.509,0.038,0.282,0.026,0.212,0.018,0.254,0.017,0.221,0.015
1983,10,0.2,0.04,0.268,0.026,0.211,0.018,0.257,0.017,0.222,0.015
1983,11,0.396,0.043,0.273,0.026,0.212,0.018,0.257,0.017,0.221,0.016
1983,12,0.155,0.046,0.255,0.026,0.208,0.018,0.259,0.017,0.222,0.016
1984,1,0.28,0.046,0.248,0.026,0.204,0.018,0.259,0.017,0.224,0.016
1984,2,0.016,0.045,0.229,0.026,0.197,0.018,0.263,0.017,0.226,0.015
1984,3,0.28,0.046,0.202,0.026,0.194,0.018,0.264,0.017,0.228,0.016
1984,4,0.125,0.04,0.196,0.026,0.193,0.018,0.266,0.017,0.231,0.016
1984,5,0.464,0.048,0.151,0.026,0.19,0.018,0.266,0.017,0.233,0.016
1984,6,0.013,0.042,0.123,0.026,0.182,0.019,0.267,0.017,0.235,0.016
1984,7,0.13,0.048,0.127,0.027,0.188,0.019,0.27,0.017,0.236,0.016
1984,8,0.187,0.052,0.11,0.026,0.196,0.019,0.272,0.017,0.236,0.016
1984,9,0.179,0.046,0.098,0.027,0.201,0.019,0.273,0.017,0.239,0.016
1984,10,0.126,0.037,0.104,0.026,0.204,0.019,0.274,0.017,0.242,0.016
1984,11,-0.137,0.05,0.083,0.026,0.206,0.019,0.273,0.017,0.244,0.016
1984,12,-0.188,0.05,0.101,0.027,0.212,0.019,0.272,0.017,0.246,0.016
1985,1,0.333,0.051,0.085,0.026,0.217,0.019,0.273,0.017,0.248,0.016
1985,2,-0.194,0.04,0.087,0.027,0.22,0.019,0.272,0.017,0.251,0.016
1985,3,0.137,0.046,0.08,0.027,0.225,0.019,0.278,0.017,0.253,0.016
1985,4,0.195,0.045,0.081,0.028,0.227,0.019,0.28,0.017,0.254,0.016
1985,5,0.214,0.048,0.087,0.028,0.229,0.019,0.281,0.017,0.255,0.016
1985,6,0.232,0.065,0.115,0.028,0.23,0.019,0.282,0.017,0.257,0.016
1985,7,-0.064,0.045,0.117,0.027,0.231,0.019,0.283,0.017,0.259,0.016
1985,8,0.214,0.047,0.177,0.027,0.228,0.019,0.283,0.017,0.263,0.016
1985,9,0.094,0.059,0.191,0.026,0.23,0.019,0.283,0.017,0.264,0.016
1985,10,0.139,0.057,0.202,0.027,0.234,0.019,0.286,0.017,0.267,0.016
1985,11,-0.066,0.05,0.209,0.026,0.234,0.019,0.287,0.017,0.27,0.016
1985,12,0.144,0.042,0.199,0.025,0.24,0.019,0.289,0.017,0.272,0.016
1986,1,0.355,0.063,0.217,0.025,0.243,0.019,0.286,0.017,0.273,0.016
1986,2,0.532,0.043,0.215,0.025,0.244,0.019,0.287,0.017,0.277,0.016
1986,3,0.304,0.041,0.21,0.026,0.244,0.019,0.284,0.017,0.28,0.016
1986,4,0.319,0.048,0.209,0.026,0.248,0.019,0.287,0.017,0.281,0.016
1986,5,0.299,0.037,0.212,0.026,0.243,0.019,0.288,0.017,0.284,0.016
1986,6,0.114,0.037,0.213,0.027,0.248,0.019,0.291,0.017,0.286,0.016
1986,7,0.151,0.053,0.219,0.026,0.244,0.019,0.292,0.017,0.288,0.016
1986,8,0.193,0.052,0.22,0.026,0.249,0.019,0.292,0.017,0.291,0.016
1986,9,0.041,0.058,0.2,0.027,0.249,0.019,0.295,0.017,0.293,0.016
1986,10,0.119,0.035,0.192,0.026,0.252,0.019,0.297,0.017,0.295,0.016
1986,11,-0.024,0.049,0.187,0.026,0.245,0.019,0.298,0.017,0.298,0.016
1986,12,0.152,0.039,0.214,0.026,0.247,0.019,0.296,0.017,0.299,0.016
1987,1,0.421,0.039,0.248,0.027,0.251,0.019,0.301,0.017,0.3,0.016
1987,2,0.551,0.04,0.254,0.027,0.254,0.019,0.304,0.017,0.301,0.016
1987,3,0.069,0.048,0.285,0.025,0.257,0.019,0.31,0.017,0.302,0.016
1987,4,0.218,0.042,0.301,0.025,0.261,0.019,0.312,0.017,0.303,0.016
1987,5,0.239,0.046,0.31,0.025,0.265,0.019,0.313,0.018,0.302,0.016
1987,6,0.434,0.048,0.348,0.025,0.278,0.019,0.315,0.018,0.303,0.016
1987,7,0.562,0.056,0.365,0.026,0.28,0.019,0.314,0.018,0.304,0.016
1987,8,0.268,0.046,0.345,0.026,0.289,0.019,0.314,0.018,0.304,0.016
1987,9,0.409,0.052,0.377,0.025,0.302,0.019,0.312,0.018,0.307,0.016
1987,10,0.312,0.042,0.403,0.025,0.311,0.019,0.312,0.018,0.309,0.016
1987,11,0.086,0.036,0.421,0.025,0.316,0.019,0.311,0.018,0.311,0.016
1987,12,0.608,0.045,0.43,0.026,0.319,0.019,0.308,0.018,0.314,0.016
1988,1,0.625,0.04,0.416,0.026,0.329,0.019,0.308,0.018,0.316,0.016
1988,2,0.313,0.04,0.436,0.026,0.331,0.019,0.307,0.018,0.32,0.016
1988,3,0.453,0.04,0.443,0.027,0.334,0.019,0.308,0.018,0.321,0.016
1988,4,0.525,0.04,0.454,0.026,0.34,0.019,0.308,0.018,0.324,0.016
1988,5,0.454,0.039,0.456,0.026,0.349,0.019,0.307,0.018,0.326,0.016
1988,6,0.54,0.041,0.44,0.027,0.355,0.019,0.308,0.018,0.33,0.016
1988,7,0.4,0.041,0.392,0.027,0.356,0.019,0.309,0.018,0.333,0.016
1988,8,0.511,0.044,0.392,0.027,0.358,0.019,0.307,0.018,0.338,0.016
1988,9,0.486,0.038,0.377,0.027,0.357,0.019,0.304,0.018,0.34,0.016
1988,10,0.449,0.043,0.358,0.027,0.362,0.019,0.305,0.018,0.342,0.016
1988,11,0.104,0.041,0.325,0.027,0.364,0.019,0.301,0.018,0.342,0.016
1988,12,0.422,0.046,0.294,0.028,0.373,0.019,0.301,0.018,0.345,0.016
1989,1,0.042,0.041,0.289,0.028,0.381,0.019,0.301,0.018,0.347,0.017
1989,2,0.316,0.043,0.276,0.027,0.387,0.019,0.301,0.018,0.351,0.016
1989,3,0.28,0.042,0.267,0.027,0.395,0.019,0.301,0.018,0.352,0.016
1989,4,0.294,0.038,0.262,0.027,0.4,0.019,0.304,0.018,0.353,0.016
1989,5,0.056,0.053,0.261,0.027,0.406,0.02,0.303,0.018,0.354,0.016
1989,6,0.162,0.045,0.272,0.026,0.409,0.02,0.308,0.018,0.356,0.017
1989,7,0.345,0.048,0.307,0.026,0.413,0.02,0.31,0.018,0.358,0.017
1989,8,0.352,0.041,0.312,0.026,0.412,0.02,0.31,0.018,0.359,0.017
1989,9,0.387,0.046,0.365,0.026,0.419,0.02,0.313,0.018,0.36,0.017
1989,10,0.385,0.037,0.398,0.027,0.419,0.02,0.316,0.018,0.361,0.017
1989,11,0.096,0.053,0.439,0.027,0.42,0.02,0.321,0.018,0.362,0.017
1989,12,0.55,0.043,0.459,0.026,0.418,0.02,0.325,0.018,0.362,0.017
1990,1,0.463,0.043,0.473,0.027,0.41,0.02,0.328,0.018,0.361,0.017
1990,2,0.376,0.035,0.475,0.027,0.408,0.02,0.337,0.018,0.362,0.017
1990,3,0.912,0.043,0.465,0.028,0.399,0.02,0.341,0.018,0.363,0.017
1990,4,0.691,0.046,0.473,0.029,0.396,0.02,0.344,0.018,0.364,0.017
1990,5,0.543,0.046,0.503,0.028,0.393,0.02,0.344,0.018,0.364,0.017
1990,6,0.411,0.055,0.501,0.028,0.387,0.02,0.348,0.018,0.365,0.017
1990,7,0.514,0.051,0.499,0.027,0.384,0.02,0.354,0.018,0.366,0.017
1990,8,0.368,0.048,0.518,0.027,0.387,0.02,0.357,0.018,0.366,0.017
1990,9,0.271,0.076,0.465,0.027,0.386,0.02,0.36,0.018,0.367,0.017
1990,10,0.479,0.05,0.461,0.027,0.383,0.02,0.364,0.018,0.368,0.017
1990,11,0.459,0.049,0.447,0.027,0.38,0.02,0.369,0.018,0.367,0.017
1990,12,0.527,0.045,0.469,0.027,0.376,0.02,0.37,0.018,0.367,0.017
1991,1,0.439,0.044,0.479,0.027,0.374,0.02,0.37,0.018,0.366,0.017
1991,2,0.606,0.04,0.494,0.027,0.37,0.02,0.371,0.018,0.365,0.017
1991,3,0.272,0.047,0.515,0.026,0.364,0.02,0.371,0.018,0.366,0.017
1991,4,0.639,0.05,0.511,0.026,0.362,0.02,0.371,0.018,0.367,0.017
1991,5,0.377,0.052,0.498,0.027,0.358,0.02,0.371,0.018,0.369,0.017
1991,6,0.679,0.043,0.485,0.027,0.355,0.02,0.372,0.018,0.37,0.017
1991,7,0.639,0.044,0.502,0.027,0.359,0.02,0.375,0.018,0.371,0.017
1991,8,0.537,0.05,0.494,0.027,0.353,0.02,0.379,0.018,0.371,0.017
1991,9,0.525,0.041,0.509,0.027,0.354,0.02,0.381,0.018,0.373,0.017
1991,10,0.433,0.036,0.478,0.027,0.357,0.02,0.382,0.018,0.374,0.017
1991,11,0.306,0.047,0.47,0.027,0.362,0.02,0.385,0.018,0.377,0.017
1991,12,0.374,0.047,0.439,0.027,0.369,0.02,0.388,0.018,0.377,0.017
1992,1,0.636,0.041,0.394,0.027,0.369,0.02,0.387,0.018,0.381,0.017
1992,2,0.508,0.036,0.358,0.027,0.367,0.02,0.386,0.018,0.384,0.017
1992,3,0.451,0.042,0.306,0.027,0.368,0.02,0.39,0.018,0.389,0.017
1992,4,0.267,0.043,0.279,0.028,0.37,0.02,0.392,0.018,0.392,0.017
1992,5,0.291,0.045,0.245,0.028,0.377,0.02,0.393,0.018,0.395,0.017
1992,6,0.295,0.045,0.235,0.028,0.373,0.02,0.395,0.018,0.397,0.017
1992,7,0.104,0.045,0.222,0.028,0.376,0.02,0.393,0.018,0.399,0.017
1992,8,0.105,0.042,0.22,0.028,0.386,0.02,0.395,0.019,0.402,0.017
1992,9,-0.095,0.053,0.216,0.028,0.379,0.02,0.396,0.019,0.404,0.017
1992,10,0.11,0.063,0.22,0.028,0.376,0.02,0.4,0.019,0.406,0.017
1992,11,-0.111,0.04,0.22,0.028,0.373,0.02,0.404,0.019,0.409,0.017
1992,12,0.257,0.059,0.22,0.028,0.376,0.02,0.405,0.019,0.408,0.017
1993,1,0.476,0.051,0.236,0.028,0.379,0.02,0.405,0.019,0.41,0.017
1993,2,0.485,0.037,0.248,0.028,0.384,0.02,0.411,0.018,0.41,0.017
1993,3,0.402,0.042,0.267,0.028,0.387,0.02,0.411,0.018,0.411,0.017
1993,4,0.314,0.045,0.284,0.028,0.388,0.02,0.414,0.019,0.413,0.017
1993,5,0.292,0.048,0.284,0.028,0.389,0.02,0.417,0.019,0.414,0.017
1993,6,0.3,0.046,0.281,0.028,0.386,0.02,0.419,0.019,0.415,0.017
1993,7,0.301,0.045,0.266,0.028,0.383,0.02,0.423,0.019,0.417,0.017
1993,8,0.244,0.044,0.219,0.027,0.384,0.02,0.426,0.019,0.418,0.017
1993,9,0.135,0.038,0.213,0.027,0.384,0.02,0.426,0.019,0.42,0.017
1993,10,0.317,0.049,0.228,0.027,0.38,0.02,0.426,0.019,0.422,0.017
1993,11,-0.115,0.038,0.235,0.027,0.378,0.02,0.428,0.019,0.423,0.017
1993,12,0.224,0.04,0.256,0.027,0.371,0.02,0.43,0.019,0.426,0.017
1994,1,0.293,0.044,0.26,0.027,0.368,0.02,0.435,0.019,0.428,0.017
1994,2,-0.08,0.047,0.259,0.027,0.37,0.02,0.439,0.018,0.432,0.017
1994,3,0.336,0.047,0.287,0.027,0.367,0.021,0.439,0.019,0.433,0.017
1994,4,0.49,0.051,0.305,0.027,0.363,0.021,0.44,0.019,0.436,0.017
1994,5,0.376,0.049,0.353,0.027,0.364,0.021,0.442,0.019,0.435,0.017
1994,6,0.547,0.052,0.363,0.027,0.366,0.021,0.445,0.019,0.437,0.017
1994,7,0.357,0.045,0.392,0.027,0.362,0.021,0.446,0.019,0.438,0.017
1994,8,0.225,0.041,0.477,0.027,0.36,0.02,0.447,0.019,0.439,0.017
1994,9,0.476,0.039,0.491,0.026,0.361,0.021,0.448,0.019,0.441,0.017
1994,10,0.531,0.037,0.497,0.026,0.365,0.021,0.449,0.019,0.443,0.017
1994,11,0.459,0.041,0.491,0.026,0.365,0.021,0.451,0.019,0.447,0.017
1994,12,0.348,0.047,0.498,0.026,0.372,0.021,0.451,0.019,0.45,0.017
1995,1,0.64,0.04,0.524,0.026,0.376,0.021,0.45,0.019,0.452,0.017
1995,2,0.941,0.045,0.559,0.027,0.381,0.021,0.452,0.018,0.455,0.017
1995,3,0.506,0.045,0.557,0.027,0.393,0.021,0.449,0.019,0.458,0.017
1995,4,0.554,0.051,0.562,0.028,0.403,0.021,0.449,0.019,0.461,0.017
1995,5,0.314,0.046,0.565,0.028,0.416,0.021,0.448,0.019,0.463,0.017
1995,6,0.63,0.047,0.565,0.028,0.423,0.021,0.449,0.019,0.466,0.017
1995,7,0.664,0.043,0.535,0.028,0.425,0.021,0.448,0.019,0.469,0.017
1995,8,0.649,0.042,0.509,0.028,0.434,0.02,0.449,0.019,0.471,0.017
1995,9,0.451,0.039,0.493,0.029,0.437,0.02,0.451,0.019,0.474,0.017
1995,10,0.592,0.039,0.476,0.028,0.445,0.02,0.449,0.019,0.478,0.017
1995,11,0.486,0.045,0.473,0.028,0.453,0.02,0.448,0.019,0.482,0.017
1995,12,0.349,0.043,0.441,0.028,0.462,0.02,0.445,0.019,0.485,0.017
1996,1,0.286,0.042,0.426,0.028,0.471,0.02,0.446,0.019,0.486,0.017
1996,2,0.624,0.041,0.427,0.027,0.482,0.02,0.444,0.019,0.487,0.017
1996,3,0.312,0.048,0.417,0.027,0.488,0.02,0.447,0.019,0.489,0.017
1996,4,0.358,0.045,0.383,0.027,0.491,0.02,0.447,0.019,0.49,0.017
1996,5,0.268,0.045,0.374,0.027,0.498,0.02,0.45,0.019,0.49,0.017
1996,6,0.257,0.052,0.385,0.027,0.506,0.02,0.449,0.019,0.493,0.017
1996,7,0.478,0.046,0.393,0.027,0.51,0.02,0.45,0.019,0.495,0.017
1996,8,0.661,0.037,0.375,0.027,0.526,0.02,0.45,0.019,0.498,0.017
1996,9,0.326,0.041,0.393,0.026,0.525,0.02,0.451,0.019,0.501,0.017
1996,10,0.19,0.041,0.402,0.027,0.523,0.02,0.452,0.019,0.503,0.017
1996,11,0.38,0.044,0.409,0.027,0.522,0.02,0.456,0.019,0.506,0.017
1996,12,0.484,0.039,0.443,0.026,0.522,0.02,0.459,0.019,0.509,0.017
1997,1,0.375,0.052,0.432,0.027,0.523,0.02,0.461,0.019,0.513,0.017
1997,2,0.415,0.036,0.414,0.027,0.527,0.02,0.464,0.019,0.514,0.017
1997,3,0.521,0.043,0.438,0.027,0.528,0.02,0.469,0.019,0.516,0.017
1997,4,0.471,0.058,0.482,0.026,0.527,0.02,0.472,0.019,0.52,0.017
1997,5,0.343,0.049,0.504,0.026,0.525,0.02,0.476,0.019,0.522,0.017
1997,6,0.666,0.042,0.518,0.026,0.529,0.02,0.479,0.019,0.523,0.017
1997,7,0.354,0.045,0.539,0.026,0.523,0.021,0.485,0.019,0.524,0.017
1997,8,0.448,0.047,0.591,0.026,0.518,0.02,0.489,0.019,0.526,0.017
1997,9,0.612,0.039,0.593,0.027,0.519,0.02,0.496,0.019,0.526,0.017
1997,10,0.713,0.037,0.62,0.026,0.522,0.02,0.501,0.019,0.528,0.017
1997,11,0.645,0.041,0.657,0.026,0.524,0.02,0.507,0.019,0.531,0.017
1997,12,0.652,0.045,0.673,0.026,0.521,0.02,0.508,0.019,0.53,0.017
1998,1,0.627,0.057,0.713,0.027,0.517,0.02,0.512,0.019,0.529,0.017
1998,2,1.043,0.042,0.75,0.027,0.515,0.02,0.514,0.019,0.528,0.017
1998,3,0.541,0.044,0.74,0.027,0.516,0.02,0.515,0.019,0.53,0.017
1998,4,0.794,0.046,0.721,0.027,0.511,0.02,0.517,0.019,0.531,0.017
1998,5,0.789,0.047,0.695,0.028,0.506,0.02,0.521,0.019,0.531,0.017
1998,6,0.851,0.045,0.697,0.028,0.504,0.02,0.522,0.019,0.531,0.017
1998,7,0.841,0.044,0.693,0.028,0.508,0.02,0.525,0.019,0.532,0.017
1998,8,0.889,0.04,0.677,0.028,0.505,0.02,0.53,0.019,0.533,0.017
1998,9,0.499,0.042,0.654,0.028,0.51,0.02,0.535,0.019,0.533,0.017
1998,10,0.478,0.043,0.62,0.028,0.515,0.02,0.54,0.019,0.535,0.018
1998,11,0.335,0.041,0.581,0.029,0.522,0.02,0.545,0.019,0.537,0.018
1998,12,0.677,0.041,0.553,0.028,0.528,0.02,0.551,0.019,0.538,0.018
1999,1,0.577,0.054,0.521,0.028,0.531,0.02,0.555,0.019,0.541,0.018
1999,2,0.857,0.047,0.484,0.028,0.53,0.02,0.563,0.019,0.543,0.017
1999,3,0.263,0.043,0.486,0.029,0.535,0.02,0.566,0.019,0.544,0.017
1999,4,0.387,0.043,0.486,0.028,0.541,0.02,0.568,0.019,0.545,0.018
1999,5,0.317,0.041,0.487,0.028,0.548,0.02,0.567,0.019,0.548,0.018
1999,6,0.518,0.043,0.478,0.028,0.552,0.02,0.566,0.019,0.55,0.018
1999,7,0.46,0.046,0.456,0.028,0.561,0.02,0.565,0.019,0.552,0.018
1999,8,0.44,0.045,0.435,0.027,0.569,0.02,0.567,0.019,0.554,0.018
1999,9,0.521,0.043,0.461,0.027,0.577,0.02,0.569,0.019,0.556,0.018
1999,10,0.479,0.042,0.492,0.026,0.58,0.02,0.57,0.019,0.557,0.018
1999,11,0.345,0.039,0.499,0.026,0.587,0.02,0.573,0.019,0.56,0.018
1999,12,0.576,0.042,0.494,0.026,0.586,0.02,0.574,0.019,0.561,0.018
2000,1,0.305,0.041,0.491,0.026,0.593,0.02,0.576,0.019,0.562,0.018
2000,2,0.611,0.046,0.499,0.026,0.597,0.02,0.573,0.019,0.565,0.018
2000,3,0.573,0.045,0.499,0.026,0.6,0.02,0.576,0.019,0.565,0.018
2000,4,0.757,0.052,0.481,0.027,0.598,0.02,0.579,0.019,0.566,0.018
2000,5,0.401,0.041,0.471,0.027,0.598,0.02,0.582,0.019,0.568,0.018
2000,6,0.462,0.047,0.442,0.027,0.594,0.02,0.584,0.019,0.569,0.018
2000,7,0.418,0.04,0.46,0.027,0.599,0.02,0.584,0.019,0.57,0.018
2000,8,0.542,0.047,0.445,0.026,0.593,0.019,0.585,0.019,0.571,0.018
2000,9,0.524,0.035,0.45,0.026,0.593,0.019,0.588,0.019,0.573,0.018
2000,10,0.26,0.038,0.442,0.026,0.59,0.019,0.591,0.019,0.575,0.018
2000,11,0.228,0.038,0.467,0.026,0.588,0.019,0.595,0.019,0.577,0.018
2000,12,0.226,0.042,0.478,0.026,0.583,0.019,0.599,0.019,0.577,0.018
2001,1,0.516,0.043,0.5,0.026,0.579,0.019,0.601,0.019,0.578,0.018
2001,2,0.429,0.043,0.504,0.026,0.578,0.019,0.603,0.018,0.577,0.018
2001,3,0.638,0.043,0.512,0.027,0.583,0.02,0.606,0.018,0.579,0.018
2001,4,0.657,0.044,0.536,0.027,0.589,0.02,0.608,0.018,0.579,0.018
2001,5,0.708,0.048,0.585,0.027,0.592,0.02,0.61,0.018,0.58,0.018
2001,6,0.587,0.041,0.623,0.027,0.597,0.019,0.614,0.018,0.58,0.018
2001,7,0.682,0.046,0.657,0.027,0.599,0.019,0.615,0.018,0.581,0.018
2001,8,0.596,0.04,0.696,0.027,0.599,0.019,0.617,0.018,0.583,0.018
2001,9,0.614,0.038,0.726,0.027,0.607,0.019,0.62,0.018,0.583,0.018
2001,10,0.548,0.047,0.726,0.026,0.612,0.019,0.625,0.018,0.585,0.018
2001,11,0.813,0.041,0.729,0.026,0.612,0.019,0.627,0.018,0.586,0.018
2001,12,0.691,0.046,0.735,0.026,0.611,0.019,0.631,0.018,0.587,0.018
2002,1,0.923,0.031,0.743,0.026,0.607,0.02,0.638,0.018,0.586,0.018
2002,2,0.892,0.04,0.749,0.025,0.608,0.02,0.641,0.018,0.586,0.018
2002,3,0.996,0.05,0.761,0.025,0.609,0.02,0.643,0.018,0.586,0.018
2002,4,0.663,0.043,0.767,0.025,0.613,0.02,0.647,0.018,0.588,0.018
2002,5,0.746,0.046,0.75,0.025,0.621,0.02,0.651,0.018,0.591,0.018
2002,6,0.652,0.046,0.731,0.024,0.619,0.02,0.652,0.018,0.593,0.018
2002,7,0.777,0.045,0.731,0.024,0.629,0.02,0.654,0.018,0.595,0.018
2002,8,0.675,0.042,0.711,0.024,0.629,0.02,0.656,0.019,0.598,0.018
2002,9,0.75,0.04,0.675,0.024,0.633,0.02,0.657,0.019,0.602,0.018
2002,10,0.623,0.041,0.672,0.024,0.635,0.02,0.657,0.019,0.606,0.018
2002,11,0.614,0.041,0.665,0.024,0.641,0.02,0.657,0.019,0.609,0.018
2002,12,0.454,0.043,0.654,0.024,0.647,0.02,0.656,0.019,0.61,0.018
2003,1,0.935,0.044,0.641,0.025,0.652,0.02,0.652,0.019,0.611,0.018
2003,2,0.643,0.038,0.651,0.025,0.655,0.02,0.646,0.019,0.612,0.018
2003,3,0.57,0.046,0.655,0.025,0.661,0.02,0.649,0.019,0.613,0.018
2003,4,0.62,0.041,0.676,0.025,0.672,0.02,0.648,0.019,0.614,0.018
2003,5,0.662,0.046,0.666,0.026,0.683,0.02,0.646,0.019,0.616,0.018
2003,6,0.525,0.046,0.709,0.026,0.693,0.02,0.644,0.019,0.618,0.018
2003,7,0.624,0.04,0.691,0.026,0.694,0.02,0.642,0.019,0.619,0.018
2003,8,0.794,0.051,0.711,0.026,0.702,0.02,0.639,0.019,0.622,0.018
2003,9,0.798,0.046,0.722,0.026,0.703,0.02,0.641,0.019,0.625,0.018
2003,10,0.873,0.036,0.729,0.026,0.701,0.02,0.643,0.019,0.627,0.018
2003,11,0.49,0.04,0.701,0.026,0.698,0.02,0.647,0.019,0.631,0.018
2003,12,0.97,0.045,0.694,0.026,0.701,0.02,0.646,0.019,0.633,0.018
2004,1,0.722,0.047,0.662,0.026,0.699,0.02,0.648,0.019,0.636,0.018
2004,2,0.878,0.045,0.635,0.025,0.703,0.02,0.646,0.019,0.638,0.018
2004,3,0.71,0.041,0.62,0.025,0.705,0.02,0.648,0.019,0.64,0.018
2004,4,0.699,0.047,0.607,0.025,0.709,0.02,0.65,0.019,0.641,0.018
2004,5,0.323,0.043,0.632,0.025,0.706,0.02,0.653,0.019,0.644,0.018
2004,6,0.445,0.037,0.593,0.025,0.71,0.02,0.655,0.019,0.644,0.018
2004,7,0.237,0.042,0.604,0.026,0.715,0.02,0.658,0.019,0.645,0.018
2004,8,0.48,0.045,0.583,0.026,0.713,0.02,0.661,0.019,0.648,0.018
2004,9,0.617,0.045,0.593,0.026,0.709,0.02,0.664,0.019,0.65,0.018
2004,10,0.718,0.039,0.609,0.026,0.714,0.02,0.666,0.019,0.652,0.018
2004,11,0.78,0.04,0.641,0.026,0.716,0.02,0.67,0.019,0.652,0.018
2004,12,0.502,0.053,0.673,0.026,0.717,0.02,0.67,0.019,0.654,0.018
2005,1,0.862,0.046,0.713,0.026,0.716,0.02,0.675,0.019,0.656,0.018
2005,2,0.618,0.05,0.734,0.026,0.716,0.02,0.678,0.019,0.656,0.018
2005,3,0.84,0.039,0.755,0.026,0.713,0.02,0.681,0.019,0.658,0.018
2005,4,0.882,0.041,0.775,0.026,0.716,0.02,0.683,0.019,0.659,0.018
2005,5,0.715,0.045,0.783,0.026,0.716,0.021,0.687,0.019,0.661,0.018
2005,6,0.821,0.049,0.81,0.025,0.718,0.021,0.689,0.019,0.662,0.018
2005,7,0.724,0.042,0.788,0.025,0.706,0.021,0.692,0.019,0.663,0.018
2005,8,0.723,0.047,0.809,0.025,0.7,0.021,0.693,0.019,0.664,0.018
2005,9,0.877,0.04,0.798,0.025,0.705,0.021,0.695,0.019,0.666,0.018
2005,10,0.953,0.034,0.77,0.025,0.706,0.021,0.7,0.019,0.669,0.018
2005,11,0.884,0.042,0.752,0.025,0.705,0.021,0.706,0.02,0.671,0.018
2005,12,0.822,0.04,0.748,0.024,0.704,0.021,0.709,0.019,0.675,0.018
2006,1,0.598,0.042,0.737,0.024,0.705,0.021,0.709,0.019,0.679,0.018
2006,2,0.871,0.052,0.746,0.024,0.701,0.021,0.71,0.019,0.683,0.018
2006,3,0.701,0.039,0.734,0.025,0.699,0.021,0.71,0.019,0.688,0.018
2006,4,0.551,0.039,0.719,0.025,0.698,0.021,0.711,0.019,0.692,0.018
2006,5,0.498,0.06,0.699,0.025,0.702,0.021,0.71,0.02,0.695,0.018
2006,6,0.775,0.041,0.709,0.025,0.696,0.021,0.711,0.02,0.698,0.018
2006,7,0.595,0.044,0.762,0.025,0.697,0.021,0.713,0.02,0.699,0.018
2006,8,0.83,0.043,0.753,0.025,0.692,0.021,0.715,0.02,0.702,0.018
2006,9,0.734,0.049,0.756,0.025,0.689,0.021,0.716,0.02,0.704,0.018
2006,10,0.775,0.036,0.792,0.025,0.688,0.021,0.718,0.02,0.707,0.018
2006,11,0.643,0.042,0.819,0.026,0.694,0.022,0.715,0.02,0.71,0.018
2006,12,0.934,0.041,0.814,0.026,0.699,0.022,0.715,0.02,0.712,0.019
2007,1,1.234,0.043,0.824,0.027,0.709,0.022,0.711,0.02,0.715,0.018
2007,2,0.761,0.046,0.812,0.027,0.714,0.022,0.707,0.02,0.719,0.018
2007,3,0.744,0.04,0.802,0.027,0.718,0.022,0.703,0.02,0.722,0.018
2007,4,0.986,0.05,0.8,0.028,0.719,0.022,0.704,0.02,0.724,0.019
2007,5,0.817,0.042,0.8,0.028,0.718,0.022,0.706,0.02,0.727,0.019
2007,6,0.719,0.037,0.768,0.029,0.721,0.022,0.707,0.02,0.727,0.019
2007,7,0.71,0.07,0.683,0.029,0.722,0.021,0.706,0.02,0.729,0.019
2007,8,0.681,0.046,0.644,0.03,0.727,0.021,0.707,0.02,0.732,0.019
2007,9,0.621,0.048,0.654,0.03,0.729,0.021,0.708,0.02,0.733,0.019
2007,10,0.749,0.04,0.628,0.029,0.731,0.022,0.71,0.02,0.734,0.019
2007,11,0.638,0.041,0.61,0.028,0.733,0.022,0.712,0.02,0.735,0.019
2007,12,0.549,0.044,0.593,0.029,0.732,0.022,0.712,0.02,0.736,0.019
2008,1,0.216,0.053,0.59,0.027,0.731,0.022,0.711,0.02,0.737,0.019
2008,2,0.293,0.053,0.58,0.027,0.732,0.022,0.711,0.02,0.737,0.019
2008,3,0.873,0.046,0.582,0.027,0.73,0.022,0.711,0.02,0.738,0.019
2008,4,0.674,0.038,0.586,0.027,0.728,0.022,0.711,0.02,0.739,0.019
2008,5,0.593,0.04,0.595,0.026,0.729,0.022,0.711,0.02,0.74,0.019
2008,6,0.517,0.064,0.599,0.025,0.724,0.022,0.713,0.02,0.74,0.019
2008,7,0.672,0.045,0.647,0.025,0.724,0.022,0.714,0.02,0.74,0.019
2008,8,0.568,0.049,0.674,0.025,0.719,0.022,0.714,0.02,0.74,0.019
2008,9,0.645,0.04,0.644,0.025,0.718,0.022,0.714,0.021,0.741,0.019
2008,10,0.794,0.029,0.642,0.026,0.721,0.022,0.713,0.021,0.744,0.019
2008,11,0.744,0.055,0.65,0.026,0.722,0.022,0.717,0.021,0.745,0.019
2008,12,0.604,0.038,0.669,0.026,0.722,0.022,0.715,0.02,0.747,0.019
2009,1,0.785,0.048,0.682,0.025,0.726,0.022,0.716,0.02,0.749,0.019
2009,2,0.623,0.047,0.699,0.025,0.728,0.022,0.713,0.02,0.749,0.019
2009,3,0.512,0.049,0.716,0.026,0.726,0.022,0.714,0.02,0.753,0.019
2009,4,0.644,0.048,0.713,0.026,0.726,0.022,0.715,0.021,0.756,0.019
2009,5,0.692,0.051,0.714,0.026,0.724,0.022,0.72,0.021,0.759,0.019
2009,6,0.743,0.046,0.72,0.027,0.72,0.022,0.722,0.021,0.76,0.019
2009,7,0.829,0.04,0.729,0.026,0.706,0.022,0.725,0.021,0.763,0.019
2009,8,0.779,0.045,0.753,0.026,0.701,0.022,0.729,0.021,0.765,0.019
2009,9,0.847,0.042,0.792,0.025,0.697,0.022,0.732,0.021,0.767,0.019
2009,10,0.753,0.035,0.824,0.025,0.695,0.022,0.733,0.021,0.77,0.019
2009,11,0.762,0.037,0.836,0.025,0.696,0.022,0.731,0.021,0.773,0.019
2009,12,0.668,0.048,0.835,0.025,0.698,0.022,0.735,0.021,0.776,0.019
2010,1,0.898,0.04,0.824,0.026,0.697,0.022,0.735,0.021,0.78,0.019
2010,2,0.907,0.045,0.823,0.025,0.699,0.022,0.739,0.021,0.783,0.019
2010,3,0.986,0.044,0.814,0.025,0.702,0.022,0.74,0.021,0.786,0.019
2010,4,1.026,0.047,0.823,0.025,0.705,0.021,0.739,0.021,0.788,0.019
2010,5,0.837,0.039,0.834,0.025,0.707,0.021,0.741,0.021,0.791,0.019
2010,6,0.722,0.049,0.826,0.025,0.706,0.021,0.741,0.021,0.793,0.019
2010,7,0.698,0.039,0.801,0.025,0.716,0.021,0.742,0.021,0.796,0.019
2010,8,0.773,0.042,0.769,0.024,0.721,0.021,0.743,0.021,0.797,0.019
2010,9,0.739,0.035,0.741,0.025,0.717,0.021,0.744,0.021,0.8,0.019
2010,10,0.855,0.038,0.72,0.025,0.716,0.021,0.746,0.021,0.803,0.019
2010,11,0.901,0.042,0.697,0.025,0.717,0.021,0.747,0.021,0.807,0.019
2010,12,0.573,0.045,0.697,0.025,0.722,0.021,0.751,0.021,0.809,0.019
2011,1,0.592,0.042,0.712,0.026,0.722,0.021,0.757,0.021,0.811,0.019
2011,2,0.527,0.04,0.723,0.026,0.726,0.021,0.762,0.021,0.812,0.019
2011,3,0.643,0.046,0.716,0.026,0.73,0.022,0.769,0.021,0.813,0.019
2011,4,0.78,0.043,0.71,0.026,0.729,0.022,0.775,0.021,0.814,0.019
2011,5,0.556,0.039,0.676,0.026,0.732,0.022,0.78,0.021,0.814,0.019
2011,6,0.725,0.043,0.685,0.025,0.735,0.022,0.781,0.021,0.816,0.019
2011,7,0.879,0.056,0.672,0.026,0.736,0.022,0.784,0.021,0.817,0.019
2011,8,0.905,0.042,0.666,0.026,0.733,0.021,0.787,0.021,0.819,0.019
2011,9,0.661,0.042,0.652,0.026,0.738,0.021,0.789,0.021,0.821,0.019
2011,10,0.776,0.034,0.658,0.026,0.742,0.022,0.79,0.021,0.823,0.019
2011,11,0.497,0.041,0.686,0.026,0.746,0.022,0.792,0.021,0.824,0.019
2011,12,0.674,0.049,0.695,0.026,0.745,0.022,0.793,0.021,0.825,0.019
2012,1,0.446,0.045,0.676,0.025,0.741,0.022,0.792,0.021,0.825,  NaN
2012,2,0.445,0.042,0.668,0.026,0.744,0.022,0.796,0.021,0.825,  NaN
2012,3,0.475,0.047,0.681,0.026,0.745,0.022,0.801,0.021,0.825,  NaN
2012,4,0.858,0.046,0.694,0.026,0.747,0.022,0.801,0.021,0.827,  NaN
2012,5,0.886,0.039,0.717,0.026,0.744,0.022,0.803,0.021,0.827,  NaN
2012,6,0.841,0.04,0.7,0.026,0.748,0.022,0.803,0.021,0.829,  NaN
2012,7,0.649,0.047,0.729,0.027,0.749,0.022,0.804,0.021,0.83,  NaN
2012,8,0.805,0.047,0.745,0.027,0.751,0.022,0.807,0.021,0.832,  NaN
2012,9,0.825,0.041,0.756,0.027,0.75,0.022,0.809,0.021,0.833,  NaN
2012,10,0.928,0.034,0.734,0.027,0.747,0.022,0.811,0.021,0.835,  NaN
2012,11,0.773,0.038,0.719,0.027,0.748,0.022,0.812,0.021,0.835,  NaN
2012,12,0.471,0.044,0.716,0.027,0.751,0.022,0.817,0.021,0.837,  NaN
2013,1,0.789,0.045,0.716,0.028,0.752,0.022,0.822,0.021,0.837,  NaN
2013,2,0.637,0.055,0.717,0.028,0.755,0.022,0.827,0.021,     NaN,  NaN
2013,3,0.615,0.044,0.722,0.028,0.758,0.022,0.828,0.021,     NaN,  NaN
2013,4,0.584,0.04,0.707,0.029,0.764,0.022,0.83,0.021,     NaN,  NaN
2013,5,0.708,0.043,0.719,0.029,0.766,0.022,0.833,0.021,     NaN,  NaN
2013,6,0.807,0.049,0.745,0.029,0.778,0.022,0.836,0.021,     NaN,  NaN
2013,7,0.65,0.048,0.75,0.029,0.79,0.022,0.838,0.021,     NaN,  NaN
2013,8,0.812,0.043,0.733,0.028,0.806,0.022,0.841,0.021,     NaN,  NaN
2013,9,0.892,0.044,0.749,0.028,0.82,0.022,0.842,0.021,     NaN,  NaN
2013,10,0.751,0.034,0.775,0.029,0.828,0.022,0.844,0.021,     NaN,  NaN
2013,11,0.91,0.041,0.791,0.029,0.838,0.023,0.844,0.021,     NaN,  NaN
2013,12,0.783,0.042,0.782,0.029,0.84,0.023,0.847,0.021,     NaN,  NaN
2014,1,0.852,0.048,0.776,0.029,0.841,0.023,0.85,0.021,     NaN,  NaN
2014,2,0.432,0.044,0.788,0.029,0.846,0.023,0.852,0.021,     NaN,  NaN
2014,3,0.807,0.047,0.792,0.028,0.851,0.023,0.859,0.02,     NaN,  NaN
2014,4,0.895,0.041,0.803,0.029,0.854,0.023,0.863,0.021,     NaN,  NaN
2014,5,0.898,0.047,0.776,0.029,0.861,0.023,0.864,0.021,     NaN,  NaN
2014,6,0.698,0.043,0.785,0.028,0.866,0.023,0.866,0.021,     NaN,  NaN
2014,7,0.587,0.046,0.794,0.028,0.878,0.023,0.867,0.021,     NaN,  NaN
2014,8,0.947,0.048,0.841,0.028,0.891,0.023,0.869,0.021,     NaN,  NaN
2014,9,0.937,0.043,0.855,0.028,0.905,0.023,0.871,0.021,     NaN,  NaN
2014,10,0.886,0.044,0.85,0.027,0.908,0.023,0.874,0.021,     NaN,  NaN
2014,11,0.586,0.041,0.847,0.026,0.91,0.023,0.876,0.021,     NaN,  NaN
2014,12,0.898,0.041,0.863,0.026,0.908,0.023,0.881,0.021,     NaN,  NaN
2015,1,0.955,0.043,0.88,0.026,0.912,0.023,0.885,0.021,     NaN,  NaN
2015,2,0.992,0.048,0.878,0.026,0.915,0.023,0.889,0.021,     NaN,  NaN
2015,3,0.977,0.039,0.878,0.026,0.915,0.023,0.891,0.021,     NaN,  NaN
2015,4,0.844,0.048,0.904,0.026,0.917,0.023,0.893,0.021,     NaN,  NaN
2015,5,0.86,0.046,0.942,0.026,0.918,0.023,0.895,0.021,     NaN,  NaN
2015,6,0.885,0.042,0.977,0.026,0.927,0.024,0.897,0.021,     NaN,  NaN
2015,7,0.797,0.038,1.005,0.027,0.929,0.024,0.9,0.021,     NaN,  NaN
2015,8,0.919,0.045,1.047,0.027,0.933,0.023,0.901,0.021,     NaN,  NaN
2015,9,0.941,0.042,1.088,0.027,0.938,0.023,0.905,0.021,     NaN,  NaN
2015,10,1.197,0.044,1.125,0.028,0.945,0.023,0.905,0.021,     NaN,  NaN
2015,11,1.035,0.035,1.145,0.028,0.948,0.023,0.908,0.021,     NaN,  NaN
2015,12,1.32,0.05,1.145,0.028,0.949,0.023,0.91,0.021,     NaN,  NaN
2016,1,1.289,0.05,1.156,0.029,0.954,0.023,0.913,0.021,     NaN,  NaN
2016,2,1.499,0.048,1.178,0.029,0.955,0.023,0.913,0.021,     NaN,  NaN
2016,3,1.475,0.042,1.182,0.029,0.954,0.022,0.916,0.021,     NaN,  NaN
2016,4,1.286,0.042,1.159,0.028,0.959,0.022,0.916,0.021,     NaN,  NaN
2016,5,1.104,0.042,1.151,0.029,0.956,0.023,0.919,0.021,     NaN,  NaN
2016,6,0.873,0.043,1.122,0.029,0.96,0.023,0.92,0.021,     NaN,  NaN
2016,7,0.931,0.044,1.112,0.029,0.963,0.022,0.921,0.021,     NaN,  NaN
2016,8,1.193,0.046,1.092,0.029,0.972,0.022,0.922,0.021,     NaN,  NaN
2016,9,0.984,0.041,1.078,0.028,0.979,0.022,0.926,0.021,     NaN,  NaN
2016,10,0.924,0.04,1.054,0.028,0.983,0.022,0.929,0.021,     NaN,  NaN
2016,11,0.93,0.051,1.048,0.027,0.983,0.022,0.933,0.021,     NaN,  NaN
2016,12,0.974,0.049,1.037,0.028,0.987,0.022,0.935,0.022,     NaN,  NaN
2017,1,1.169,0.049,1.031,0.027,0.994,0.022,0.94,  NaN,     NaN,  NaN
2017,2,1.265,0.05,1.013,0.027,0.995,0.022,0.943,  NaN,     NaN,  NaN
2017,3,1.303,0.037,1.003,0.027,0.996,0.022,0.948,  NaN,     NaN,  NaN
2017,4,1.001,0.043,1.01,0.026,1.001,0.022,0.949,  NaN,     NaN,  NaN
2017,5,1.024,0.04,1.001,0.026,1.008,0.022,0.949,  NaN,     NaN,  NaN
2017,6,0.75,0.038,1.007,0.025,1.013,0.022,0.951,  NaN,     NaN,  NaN
2017,7,0.853,0.051,0.983,0.026,1.021,0.022,0.954,  NaN,     NaN,  NaN
2017,8,0.975,0.05,0.951,0.025,1.028,0.022,0.956,  NaN,     NaN,  NaN
2017,9,0.864,0.045,0.921,0.025,1.032,0.022,0.957,  NaN,     NaN,  NaN
2017,10,1.017,0.033,0.919,0.025,1.039,0.022,0.959,  NaN,     NaN,  NaN
2017,11,0.816,0.036,0.909,0.024,1.042,0.022,0.958,  NaN,     NaN,  NaN
2017,12,1.045,0.038,0.921,0.024,1.043,0.022,0.961,  NaN,     NaN,  NaN
2018,1,0.879,0.049,0.925,0.024,1.047,0.022,0.963,  NaN,     NaN,  NaN
2018,2,0.881,0.044,0.92,0.024,1.048,0.022,     NaN,  NaN,     NaN,  NaN
2018,3,0.942,0.035,0.916,0.023,1.051,0.022,     NaN,  NaN,     NaN,  NaN
2018,4,0.988,0.037,0.92,0.023,1.047,0.022,     NaN,  NaN,     NaN,  NaN
2018,5,0.892,0.044,0.913,0.023,1.049,0.022,     NaN,  NaN,     NaN,  NaN
2018,6,0.897,0.041,0.908,0.023,1.041,0.022,     NaN,  NaN,     NaN,  NaN
2018,7,0.903,0.04,0.922,0.023,1.035,0.022,     NaN,  NaN,     NaN,  NaN
2018,8,0.917,0.044,0.928,0.023,1.021,0.022,     NaN,  NaN,     NaN,  NaN
2018,9,0.818,0.041,0.954,0.023,1.011,0.022,     NaN,  NaN,     NaN,  NaN
2018,10,1.057,0.038,0.965,0.024,1.004,0.022,     NaN,  NaN,     NaN,  NaN
2018,11,0.735,0.042,0.966,0.024,1,0.022,     NaN,  NaN,     NaN,  NaN
2018,12,0.99,0.045,0.967,0.025,1.001,0.022,     NaN,  NaN,     NaN,  NaN
2019,1,1.045,0.049,0.977,0.024,1.002,0.022,     NaN,  NaN,     NaN,  NaN
2019,2,0.956,0.038,0.986,0.025,0.999,0.022,     NaN,  NaN,     NaN,  NaN
2019,3,1.252,0.039,1.001,0.026,1,0.022,     NaN,  NaN,     NaN,  NaN
2019,4,1.124,0.044,1.012,0.026,1.004,0.022,     NaN,  NaN,     NaN,  NaN
2019,5,0.901,0.042,1.032,0.026,1.005,0.022,     NaN,  NaN,     NaN,  NaN
2019,6,0.912,0.04,1.053,0.026,1.004,0.022,     NaN,  NaN,     NaN,  NaN
2019,7,1.015,0.042,1.082,0.026,1.001,  NaN,     NaN,  NaN,     NaN,  NaN
2019,8,1.022,0.048,1.12,0.027,0.995,  NaN,     NaN,  NaN,     NaN,  NaN
2019,9,1.005,0.043,1.118,0.027,0.991,  NaN,     NaN,  NaN,     NaN,  NaN
2019,10,1.184,0.038,1.129,0.027,0.99,  NaN,     NaN,  NaN,     NaN,  NaN
2019,11,0.975,0.043,1.14,0.027,0.987,  NaN,     NaN,  NaN,     NaN,  NaN
2019,12,1.244,0.041,1.146,0.027,0.993,  NaN,     NaN,  NaN,     NaN,  NaN
2020,1,1.398,0.044,1.148,0.027,0.996,  NaN,     NaN,  NaN,     NaN,  NaN
2020,2,1.406,0.053,1.144,0.027,0.997,  NaN,     NaN,  NaN,     NaN,  NaN
2020,3,1.23,0.04,1.154,0.027,0.999,  NaN,     NaN,  NaN,     NaN,  NaN
2020,4,1.259,0.045,1.134,0.026,1.001,  NaN,     NaN,  NaN,     NaN,  NaN
2020,5,1.028,0.042,1.15,0.026,0.998,  NaN,     NaN,  NaN,     NaN,  NaN
2020,6,0.99,0.04,1.118,0.027,0.996,  NaN,     NaN,  NaN,     NaN,  NaN
2020,7,1.033,0.04,1.078,0.027,0.997,  NaN,     NaN,  NaN,     NaN,  NaN
2020,8,0.979,0.045,1.013,0.027,   NaN,  NaN,     NaN,  NaN,     NaN,  NaN
2020,9,1.121,0.044,0.986,0.029,   NaN,  NaN,     NaN,  NaN,     NaN,  NaN
2020,10,0.942,0.036,0.953,0.029,   NaN,  NaN,     NaN,  NaN,     NaN,  NaN
2020,11,1.168,0.043,0.94,0.029,   NaN,  NaN,     NaN,  NaN,     NaN,  NaN
2020,12,0.859,0.059,0.933,0.03,   NaN,  NaN,     NaN,  NaN,     NaN,  NaN
2021,1,0.919,0.052,0.929,0.029,   NaN,  NaN,     NaN,  NaN,     NaN,  NaN
2021,2,0.63,0.052,0.933,0.029,   NaN,  NaN,     NaN,  NaN,     NaN,  NaN
2021,3,0.91,0.056,0.928,0.029,   NaN,  NaN,     NaN,  NaN,     NaN,  NaN
2021,4,0.853,0.049,0.947,0.029,   NaN,  NaN,     NaN,  NaN,     NaN,  NaN
2021,5,0.872,0.053,0.93,0.029,   NaN,  NaN,     NaN,  NaN,     NaN,  NaN
2021,6,0.907,0.042,0.936,0.029,   NaN,  NaN,     NaN,  NaN,     NaN,  NaN
2021,7,0.989,0.052,0.942,  NaN,   NaN,  NaN,     NaN,  NaN,     NaN,  NaN
2021,8,1.03,0.054,0.963,  NaN,   NaN,  NaN,     NaN,  NaN,     NaN,  NaN
2021,9,1.062,0.058,0.976,  NaN,   NaN,  NaN,     NaN,  NaN,     NaN,  NaN
2021,10,1.16,0.037,0.984,  NaN,   NaN,  NaN,     NaN,  NaN,     NaN,  NaN
2021,11,0.967,0.046,0.983,  NaN,   NaN,  NaN,     NaN,  NaN,     NaN,  NaN
2021,12,0.927,0.052,0.997,  NaN,   NaN,  NaN,     NaN,  NaN,     NaN,  NaN
2022,1,0.995,  NaN,1.003,  NaN,   NaN,  NaN,     NaN,  NaN,     NaN,  NaN
2022,2,0.885,  NaN,1.003,  NaN,   NaN,  NaN,     NaN,  NaN,     NaN,  NaN
2022,3,1.066,  NaN,0.996,  NaN,   NaN,  NaN,     NaN,  NaN,     NaN,  NaN
2022,4,0.952,  NaN,0.993,  NaN,   NaN,  NaN,     NaN,  NaN,     NaN,  NaN
2022,5,0.849,  NaN,0.965,  NaN,   NaN,  NaN,     NaN,  NaN,     NaN,  NaN
2022,6,1.076,  NaN,0.964,  NaN,   NaN,  NaN,     NaN,  NaN,     NaN,  NaN
2022,7,1.062,  NaN,0.962,  NaN,   NaN,  NaN,     NaN,  NaN,     NaN,  NaN
2022,8,1.039,  NaN,      NaN,  NaN,   NaN,  NaN,     NaN,  NaN,     NaN,  NaN
2022,9,0.971,  NaN,      NaN,  NaN,   NaN,  NaN,     NaN,  NaN,     NaN,  NaN
2022,10,1.126,  NaN,      NaN,  NaN,   NaN,  NaN,     NaN,  NaN,     NaN,  NaN
2022,11,0.626,  NaN,      NaN,  NaN,   NaN,  NaN,     NaN,  NaN,     NaN,  NaN
2022,12,0.923,  NaN,      NaN,  NaN,   NaN,  NaN,     NaN,  NaN,     NaN,  NaN
2023,1,0.963,  NaN,      NaN,  NaN,   NaN,  NaN,     NaN,  NaN,     NaN,  NaN
